Liam,Walker,liam.walker4@gmail.com,Sunset121
Olivia,Harris,olivia.harris2@gmail.com,River982
Noah,Young,noah.young3@gmail.com,Pass3456
Emma,Hall,emma.hall4@gmail.com,Key7890
James,King,james.king5@gmail.com,Door1122
Sophia,Wright,sophia.wright6@gmail.com,Tree5566
Benjamin,Scott,benjamin.scott7@gmail.com,Stone7788
Mia,Green,mia.green8@gmail.com,Cloud9900
Lucas,Baker,lucas.baker9@gmail.com,Fire2233
Amelia,Adams,amelia.adams10@gmail.com,Wind4455
